{
  "version": "16.0.0",
  "files": {
    "3edb33dd38e514d30ed464025968698d00ab0093c64ee6f8628ca005c1ae04b1": {
      "source": {
        "path": "CdkServerlessDeploymentsStack.template.json",
        "packaging": "file"
      },
      "destinations": {
        "382821043170-us-east-1": {
          "bucketName": "cdk-hnb659fds-assets-382821043170-us-east-1",
          "objectKey": "3edb33dd38e514d30ed464025968698d00ab0093c64ee6f8628ca005c1ae04b1.json",
          "region": "us-east-1",
          "assumeRoleArn": "arn:${AWS::Partition}:iam::382821043170:role/cdk-hnb659fds-file-publishing-role-382821043170-us-east-1"
        }
      }
    }
  },
  "dockerImages": {}
}