{
  "version": "tree-0.1",
  "tree": {
    "id": "App",
    "path": "",
    "children": {
      "Tree": {
        "id": "Tree",
        "path": "Tree",
        "constructInfo": {
          "fqn": "constructs.Construct",
          "version": "10.0.110"
        }
      },
      "CdkServerlessDeploymentsStack": {
        "id": "CdkServerlessDeploymentsStack",
        "path": "CdkServerlessDeploymentsStack",
        "children": {
          "CDKMetadata": {
            "id": "CDKMetadata",
            "path": "CdkServerlessDeploymentsStack/CDKMetadata",
            "children": {
              "Default": {
                "id": "Default",
                "path": "CdkServerlessDeploymentsStack/CDKMetadata/Default",
                "constructInfo": {
                  "fqn": "aws-cdk-lib.CfnResource",
                  "version": "2.19.0"
                }
              }
            },
            "constructInfo": {
              "fqn": "constructs.Construct",
              "version": "10.0.110"
            }
          }
        },
        "constructInfo": {
          "fqn": "aws-cdk-lib.Stack",
          "version": "2.19.0"
        }
      }
    },
    "constructInfo": {
      "fqn": "aws-cdk-lib.App",
      "version": "2.19.0"
    }
  }
}